{
  "train_losses": [
    1.1424057618738976,
    0.799236460612239,
    0.7166657387047164
  ],
  "val_losses": [
    0.8694974357571106,
    0.7926091188993938,
    0.7770894946954494
  ],
  "final_train_loss": 0.7166657387047164,
  "final_val_loss": 0.7770894946954494,
  "xgb_train_r2": 0.5333989858627319,
  "xgb_test_r2": 0.2937588095664978,
  "model_save_time": "2025-09-28T17:33:19.401929",
  "total_users": 671,
  "total_movies": 8387
}